epoch,time,train/box_loss,train/cls_loss,train/dfl_loss,metrics/precision(B),metrics/recall(B),metrics/mAP50(B),metrics/mAP50-95(B),val/box_loss,val/cls_loss,val/dfl_loss,lr/pg0,lr/pg1,lr/pg2
1,35.2584,2.63358,4.35071,1.64201,0,0,0,0,1.96321,4.28881,1.45997,0.000238167,0.000238167,0.000238167
2,38.4532,2.69802,4.34639,1.68195,0,0,0,0,1.93187,4.29039,1.44841,0.000711671,0.000711671,0.000711671
3,41.1038,2.73726,4.32244,1.67429,0,0,0,0,1.93187,4.29039,1.44841,0.0011814,0.0011814,0.0011814
4,43.6264,2.76058,4.26088,1.63243,0,0,0,0,1.94983,4.28827,1.45765,0.00141202,0.00141202,0.00141202
5,46.8038,2.85331,4.30287,1.72112,0,0,0,0,1.94983,4.28827,1.45765,0.00140636,0.00140636,0.00140636
6,50.0468,2.58259,4.30471,1.58897,0,0,0,0,1.98106,4.28892,1.46835,0.00140071,0.00140071,0.00140071
7,52.5116,2.67413,4.35759,1.68375,0,0,0,0,1.98106,4.28892,1.46835,0.00139505,0.00139505,0.00139505
8,55.6594,2.79605,4.05617,1.53304,0.0005,0.01481,0.00054,5e-05,2.4046,4.0872,1.41511,0.00138939,0.00138939,0.00138939
9,58.4158,2.62468,3.83514,1.32948,0.0005,0.01481,0.00054,5e-05,2.4046,4.0872,1.41511,0.00138373,0.00138373,0.00138373
10,62.2173,2.50363,3.82798,1.27802,0.00073,0.02222,0.00033,4e-05,2.33667,4.0806,1.34245,0.00137807,0.00137807,0.00137807
11,65.1113,2.64592,3.83873,1.36618,0.00073,0.02222,0.00033,4e-05,2.33667,4.0806,1.34245,0.00137241,0.00137241,0.00137241
12,67.6477,2.77336,3.89459,1.41866,0.00073,0.02222,0.0001,2e-05,2.29085,4.07105,1.30904,0.00136675,0.00136675,0.00136675
13,70.3756,2.60823,3.83403,1.42932,0.00073,0.02222,0.0001,2e-05,2.29085,4.07105,1.30904,0.00136109,0.00136109,0.00136109
14,72.7779,2.54122,3.68442,1.34889,0,0,0,0,2.55058,4.1687,1.7045,0.00135544,0.00135544,0.00135544
15,76.4818,2.25454,3.63651,1.34386,0,0,0,0,2.55058,4.1687,1.7045,0.00134978,0.00134978,0.00134978
16,78.9535,2.59157,3.41068,1.32716,0.00278,0.21111,0.00099,0.00015,1.89245,4.10062,1.28328,0.00134412,0.00134412,0.00134412
17,81.6911,2.28702,3.31524,1.18431,0.00278,0.21111,0.00099,0.00015,1.89245,4.10062,1.28328,0.00133846,0.00133846,0.00133846
18,84.1388,2.10446,3.0778,1.27861,0,0,0,0,1.93989,4.00811,1.33702,0.0013328,0.0013328,0.0013328
19,87.1123,1.94813,2.88546,1.20179,0,0,0,0,1.93989,4.00811,1.33702,0.00132714,0.00132714,0.00132714
20,90.7612,1.97018,2.77673,1.20554,0.00187,0.00312,5e-05,1e-05,2.03019,3.8992,1.29686,0.00132148,0.00132148,0.00132148
21,93.4472,1.96698,2.6265,1.17522,0.00187,0.00312,5e-05,1e-05,2.03019,3.8992,1.29686,0.00131582,0.00131582,0.00131582
22,95.9117,1.71239,2.37324,1.12834,0.05423,0.10758,0.04428,0.01546,1.62779,3.76619,1.16974,0.00131016,0.00131016,0.00131016
23,98.7542,1.72894,2.25774,1.08617,0.05423,0.10758,0.04428,0.01546,1.62779,3.76619,1.16974,0.00130451,0.00130451,0.00130451
24,102.318,1.7746,2.11468,1.07622,0.09563,0.20658,0.08862,0.03068,1.68308,3.6038,1.19594,0.00129885,0.00129885,0.00129885
25,105.088,1.6175,1.98592,1.07383,0.09563,0.20658,0.08862,0.03068,1.68308,3.6038,1.19594,0.00129319,0.00129319,0.00129319
26,107.772,1.79816,2.00361,1.08038,0.03578,0.14538,0.02909,0.01166,1.66341,3.56796,1.20578,0.00128753,0.00128753,0.00128753
27,110.155,1.45235,1.91547,1.05313,0.03578,0.14538,0.02909,0.01166,1.66341,3.56796,1.20578,0.00128187,0.00128187,0.00128187
28,113.304,1.40104,1.78073,1.04705,0.01866,0.30969,0.00719,0.00178,1.64817,4.25961,1.28512,0.00127621,0.00127621,0.00127621
29,117.415,1.58176,1.77702,1.04302,0.01866,0.30969,0.00719,0.00178,1.64817,4.25961,1.28512,0.00127055,0.00127055,0.00127055
30,120.226,1.66429,1.81126,1.0397,0.02703,0.11769,0.00922,0.00367,1.68662,6.56353,1.27483,0.00126489,0.00126489,0.00126489
31,123.361,1.51376,1.724,1.07903,0.02703,0.11769,0.00922,0.00367,1.68662,6.56353,1.27483,0.00125923,0.00125923,0.00125923
32,125.923,1.54799,1.70273,1.03678,0.0319,0.1352,0.00776,0.00257,1.81436,10.0648,1.30826,0.00125358,0.00125358,0.00125358
33,129.447,1.5778,1.82444,1.09045,0.0319,0.1352,0.00776,0.00257,1.81436,10.0648,1.30826,0.00124792,0.00124792,0.00124792
34,132.294,1.31047,1.52028,0.98848,0.03389,0.12932,0.01646,0.00363,1.97504,7.65231,1.39957,0.00124226,0.00124226,0.00124226
35,134.989,1.4902,1.57711,1.01044,0.03389,0.12932,0.01646,0.00363,1.97504,7.65231,1.39957,0.0012366,0.0012366,0.0012366
36,137.629,1.32768,1.45837,0.9899,0.05138,0.20138,0.0295,0.01238,1.78836,3.58735,1.28164,0.00123094,0.00123094,0.00123094
37,140.435,1.26673,1.54897,0.96364,0.05138,0.20138,0.0295,0.01238,1.78836,3.58735,1.28164,0.00122528,0.00122528,0.00122528
38,144.132,1.4043,1.58559,0.99332,0.07498,0.42548,0.08259,0.03872,1.40688,3.15187,1.08056,0.00121962,0.00121962,0.00121962
39,146.897,1.33845,1.33681,0.96397,0.07498,0.42548,0.08259,0.03872,1.40688,3.15187,1.08056,0.00121396,0.00121396,0.00121396
40,149.805,1.26774,1.31411,0.9835,0.08318,0.64905,0.13735,0.0726,1.33599,3.08088,1.03805,0.00120831,0.00120831,0.00120831
41,152.448,1.24123,1.49812,0.95668,0.08318,0.64905,0.13735,0.0726,1.33599,3.08088,1.03805,0.00120265,0.00120265,0.00120265
42,156.277,1.34364,1.40263,0.98415,0.08127,0.64282,0.26277,0.13328,1.27949,2.98558,1.04023,0.00119699,0.00119699,0.00119699
43,159.006,1.26013,1.36138,0.95085,0.08127,0.64282,0.26277,0.13328,1.27949,2.98558,1.04023,0.00119133,0.00119133,0.00119133
44,161.525,1.19404,1.43716,0.94113,0.07919,0.60149,0.39835,0.19238,1.32511,2.95312,1.04168,0.00118567,0.00118567,0.00118567
45,163.947,1.27143,1.33072,0.94691,0.07919,0.60149,0.39835,0.19238,1.32511,2.95312,1.04168,0.00118001,0.00118001,0.00118001
46,166.313,1.2598,1.32534,0.93348,0.08848,0.81454,0.42425,0.21557,1.5049,2.92893,1.0414,0.00117435,0.00117435,0.00117435
47,170.324,1.2728,1.33278,0.93141,0.08848,0.81454,0.42425,0.21557,1.5049,2.92893,1.0414,0.00116869,0.00116869,0.00116869
48,172.906,1.18729,1.3538,0.95656,0.08974,0.8765,0.37431,0.20577,1.44743,2.74461,1.02799,0.00116303,0.00116303,0.00116303
49,175.224,1.32868,1.45021,0.93852,0.08974,0.8765,0.37431,0.20577,1.44743,2.74461,1.02799,0.00115738,0.00115738,0.00115738
50,177.551,1.07971,1.38538,0.94903,0.22793,0.88937,0.30926,0.1747,1.38721,2.63111,1.0151,0.00115172,0.00115172,0.00115172
51,179.88,1.26484,1.33349,0.96066,0.22793,0.88937,0.30926,0.1747,1.38721,2.63111,1.0151,0.00114606,0.00114606,0.00114606
52,183.627,1.14192,1.30624,0.91602,0.35821,0.28141,0.32977,0.18684,1.38681,2.54833,1.00137,0.0011404,0.0011404,0.0011404
53,186.29,1.24635,1.24798,0.94445,0.35821,0.28141,0.32977,0.18684,1.38681,2.54833,1.00137,0.00113474,0.00113474,0.00113474
54,188.884,1.2017,1.21519,0.94881,0.32904,0.23309,0.29334,0.1709,1.59696,2.59119,1.03794,0.00112908,0.00112908,0.00112908
55,191.804,1.17428,1.2264,0.94421,0.32904,0.23309,0.29334,0.1709,1.59696,2.59119,1.03794,0.00112342,0.00112342,0.00112342
56,195.509,1.30296,1.31281,0.93185,0.67522,0.2344,0.29919,0.17542,1.52323,2.45546,1.03643,0.00111776,0.00111776,0.00111776
57,198.054,1.23119,1.20603,0.92001,0.67522,0.2344,0.29919,0.17542,1.52323,2.45546,1.03643,0.0011121,0.0011121,0.0011121
58,200.374,1.16226,1.21297,0.92975,0.36989,0.32309,0.34393,0.20911,1.30742,2.22483,1.00271,0.00110645,0.00110645,0.00110645
59,203.045,1.1345,1.17846,0.9269,0.36989,0.32309,0.34393,0.20911,1.30742,2.22483,1.00271,0.00110079,0.00110079,0.00110079
60,205.722,1.17671,1.26587,0.93557,0.3863,0.38034,0.41296,0.26834,1.30174,1.94169,1.01059,0.00109513,0.00109513,0.00109513
61,209.641,1.23509,1.20726,0.91804,0.3863,0.38034,0.41296,0.26834,1.30174,1.94169,1.01059,0.00108947,0.00108947,0.00108947
62,212.341,1.21256,1.22239,0.92552,0.46286,0.39655,0.46122,0.29071,1.37141,1.74926,1.02435,0.00108381,0.00108381,0.00108381
63,214.844,1.15963,1.20407,0.89978,0.46286,0.39655,0.46122,0.29071,1.37141,1.74926,1.02435,0.00107815,0.00107815,0.00107815
64,217.737,1.15726,1.16144,0.90118,0.44554,0.46726,0.51962,0.34129,1.2142,1.53658,0.99236,0.00107249,0.00107249,0.00107249
65,220.168,1.073,1.16282,0.91863,0.44554,0.46726,0.51962,0.34129,1.2142,1.53658,0.99236,0.00106683,0.00106683,0.00106683
66,223.716,0.98671,1.16031,0.88371,0.46891,0.50426,0.5793,0.40976,1.03211,1.37738,0.95882,0.00106118,0.00106118,0.00106118
67,226.287,1.19366,1.14775,0.91404,0.46891,0.50426,0.5793,0.40976,1.03211,1.37738,0.95882,0.00105552,0.00105552,0.00105552
68,228.921,1.11403,1.07158,0.90327,0.6614,0.70748,0.70163,0.51998,0.99868,1.31922,0.9451,0.00104986,0.00104986,0.00104986
69,231.699,0.93994,1.05568,0.87488,0.6614,0.70748,0.70163,0.51998,0.99868,1.31922,0.9451,0.0010442,0.0010442,0.0010442
70,234.616,1.03917,1.17109,0.91154,0.74839,0.65311,0.71855,0.56076,1.04626,1.30078,0.95374,0.00103854,0.00103854,0.00103854
71,237.976,0.95127,1.15677,0.89738,0.74839,0.65311,0.71855,0.56076,1.04626,1.30078,0.95374,0.00103288,0.00103288,0.00103288
72,240.656,1.14405,1.08557,0.90464,0.79469,0.60531,0.73816,0.56292,1.02831,1.29942,0.95958,0.00102722,0.00102722,0.00102722
73,243.265,1.05475,1.17325,0.94277,0.79469,0.60531,0.73816,0.56292,1.02831,1.29942,0.95958,0.00102156,0.00102156,0.00102156
74,245.73,0.99198,1.01849,0.88502,0.84004,0.74369,0.83991,0.64547,0.98969,1.30023,0.95225,0.0010159,0.0010159,0.0010159
75,248.944,0.93275,0.98551,0.89183,0.84004,0.74369,0.83991,0.64547,0.98969,1.30023,0.95225,0.00101025,0.00101025,0.00101025
76,251.85,1.03698,1.0066,0.8877,0.8428,0.77267,0.85823,0.65612,0.98026,1.24334,0.94281,0.00100459,0.00100459,0.00100459
77,254.788,0.97172,1.14163,0.90164,0.8428,0.77267,0.85823,0.65612,0.98026,1.24334,0.94281,0.000998928,0.000998928,0.000998928
78,257.226,0.88657,0.98714,0.87934,0.77896,0.73564,0.84299,0.66202,1.01467,1.238,0.94115,0.000993269,0.000993269,0.000993269
79,259.815,0.97571,1.02573,0.89933,0.77896,0.73564,0.84299,0.66202,1.01467,1.238,0.94115,0.00098761,0.00098761,0.00098761
80,263.562,1.00726,1.15502,0.9093,0.80589,0.7189,0.82851,0.66255,0.95651,1.24072,0.93709,0.000981952,0.000981952,0.000981952
81,266.496,1.03201,0.98441,0.89142,0.80589,0.7189,0.82851,0.66255,0.95651,1.24072,0.93709,0.000976293,0.000976293,0.000976293
82,269.057,1.09911,1.0854,0.89262,0.74993,0.70107,0.82073,0.66002,0.92296,1.23611,0.93859,0.000970634,0.000970634,0.000970634
83,271.949,0.92776,1.04835,0.89391,0.74993,0.70107,0.82073,0.66002,0.92296,1.23611,0.93859,0.000964975,0.000964975,0.000964975
84,274.528,1.00164,0.95477,0.89849,0.82859,0.66892,0.82717,0.64553,0.92679,1.20572,0.93369,0.000959316,0.000959316,0.000959316
85,277.859,0.86535,0.9635,0.87384,0.82859,0.66892,0.82717,0.64553,0.92679,1.20572,0.93369,0.000953657,0.000953657,0.000953657
86,280.527,1.07698,1.03681,0.91126,0.81838,0.7564,0.84308,0.65766,0.9731,1.15629,0.92687,0.000947999,0.000947999,0.000947999
87,283.192,0.91856,0.96966,0.87013,0.81838,0.7564,0.84308,0.65766,0.9731,1.15629,0.92687,0.00094234,0.00094234,0.00094234
88,285.936,0.94192,0.92785,0.86946,0.8496,0.78057,0.85582,0.6792,0.97612,1.09748,0.92577,0.000936681,0.000936681,0.000936681
89,289.14,0.91137,0.93456,0.86236,0.8496,0.78057,0.85582,0.6792,0.97612,1.09748,0.92577,0.000931022,0.000931022,0.000931022
90,292.371,0.98989,0.97316,0.86176,0.77581,0.63441,0.80298,0.63399,0.92259,1.03903,0.92212,0.000925363,0.000925363,0.000925363
91,295.27,0.9348,1.05681,0.8956,0.77581,0.63441,0.80298,0.63399,0.92259,1.03903,0.92212,0.000919704,0.000919704,0.000919704
92,298.002,0.96398,0.9938,0.87381,0.77574,0.65285,0.75143,0.59136,0.8938,1.019,0.9203,0.000914046,0.000914046,0.000914046
93,300.618,0.96306,1.07472,0.89932,0.77574,0.65285,0.75143,0.59136,0.8938,1.019,0.9203,0.000908387,0.000908387,0.000908387
94,304.792,0.94746,0.94782,0.87343,0.79132,0.65509,0.73759,0.59492,0.89898,1.02978,0.91977,0.000902728,0.000902728,0.000902728
95,307.66,1.03142,1.0585,0.92512,0.79132,0.65509,0.73759,0.59492,0.89898,1.02978,0.91977,0.000897069,0.000897069,0.000897069
96,310.719,1.00421,0.9284,0.85463,0.79048,0.66144,0.75192,0.55432,1.00392,1.06749,0.91787,0.00089141,0.00089141,0.00089141
97,313.398,0.9452,1.0699,0.89164,0.79048,0.66144,0.75192,0.55432,1.00392,1.06749,0.91787,0.000885751,0.000885751,0.000885751
98,316.646,0.88053,0.84268,0.85742,0.69218,0.62632,0.70422,0.51582,1.01787,1.11327,0.91929,0.000880093,0.000880093,0.000880093
99,319.807,1.01321,0.89691,0.88231,0.69218,0.62632,0.70422,0.51582,1.01787,1.11327,0.91929,0.000874434,0.000874434,0.000874434
100,322.269,0.95472,1.06472,0.89319,0.69842,0.62406,0.67065,0.50835,0.90471,1.10481,0.90698,0.000868775,0.000868775,0.000868775
101,324.638,0.95953,0.90117,0.86374,0.69842,0.62406,0.67065,0.50835,0.90471,1.10481,0.90698,0.000863116,0.000863116,0.000863116
102,327.325,0.89638,0.89504,0.86963,0.77103,0.59377,0.65837,0.50896,0.87955,1.10904,0.89983,0.000857457,0.000857457,0.000857457
103,330.691,1.04487,0.92215,0.88273,0.77103,0.59377,0.65837,0.50896,0.87955,1.10904,0.89983,0.000851798,0.000851798,0.000851798
104,333.476,0.99615,0.89697,0.85914,0.77843,0.58606,0.67684,0.52456,0.89585,1.09572,0.90141,0.000846139,0.000846139,0.000846139
105,336.286,1.07325,1.01286,0.87131,0.77843,0.58606,0.67684,0.52456,0.89585,1.09572,0.90141,0.000840481,0.000840481,0.000840481
106,338.776,0.91403,0.85217,0.8636,0.76922,0.5839,0.68802,0.52213,0.95513,1.10275,0.91243,0.000834822,0.000834822,0.000834822
107,341.431,1.04916,0.93517,0.8729,0.76922,0.5839,0.68802,0.52213,0.95513,1.10275,0.91243,0.000829163,0.000829163,0.000829163
108,345.525,0.97415,0.91845,0.88711,0.70162,0.60108,0.7111,0.56157,0.92543,1.0858,0.90864,0.000823504,0.000823504,0.000823504
109,348.112,0.97731,0.91134,0.87984,0.70162,0.60108,0.7111,0.56157,0.92543,1.0858,0.90864,0.000817845,0.000817845,0.000817845
110,350.73,0.95251,0.90205,0.88503,0.7358,0.58118,0.70608,0.55808,0.85952,1.06563,0.89457,0.000812186,0.000812186,0.000812186
111,353.401,0.94406,0.89403,0.87466,0.7358,0.58118,0.70608,0.55808,0.85952,1.06563,0.89457,0.000806528,0.000806528,0.000806528
112,356.864,0.977,0.84918,0.85697,0.70322,0.60067,0.67817,0.53783,0.85498,1.10065,0.89181,0.000800869,0.000800869,0.000800869
113,359.831,0.94458,0.96532,0.87667,0.70322,0.60067,0.67817,0.53783,0.85498,1.10065,0.89181,0.00079521,0.00079521,0.00079521
114,362.757,0.99667,0.8601,0.85561,0.69337,0.57522,0.63953,0.50424,0.91352,1.14083,0.90165,0.000789551,0.000789551,0.000789551
115,365.196,1.02543,1.0031,0.88018,0.69337,0.57522,0.63953,0.50424,0.91352,1.14083,0.90165,0.000783892,0.000783892,0.000783892
116,367.741,0.92502,0.84871,0.85735,0.70543,0.55014,0.64644,0.51562,0.87793,1.10519,0.89354,0.000778233,0.000778233,0.000778233
117,371.088,0.82475,0.87787,0.85741,0.70543,0.55014,0.64644,0.51562,0.87793,1.10519,0.89354,0.000772575,0.000772575,0.000772575
118,374.334,1.06176,0.84091,0.853,0.72878,0.56313,0.6685,0.53845,0.84533,1.03785,0.88679,0.000766916,0.000766916,0.000766916
119,377.167,0.85462,0.80593,0.85256,0.72878,0.56313,0.6685,0.53845,0.84533,1.03785,0.88679,0.000761257,0.000761257,0.000761257
120,379.949,1.05789,0.8902,0.86464,0.70832,0.5855,0.67904,0.5506,0.84356,1.01353,0.88784,0.000755598,0.000755598,0.000755598
121,382.574,0.88524,0.80276,0.84551,0.70832,0.5855,0.67904,0.5506,0.84356,1.01353,0.88784,0.000749939,0.000749939,0.000749939
122,386.251,0.85084,0.85081,0.86065,0.74395,0.57659,0.70527,0.5765,0.81472,1.00496,0.88171,0.00074428,0.00074428,0.00074428
123,388.722,0.85255,0.83022,0.85111,0.74395,0.57659,0.70527,0.5765,0.81472,1.00496,0.88171,0.000738622,0.000738622,0.000738622
124,391.43,0.85216,0.76371,0.84603,0.70358,0.81624,0.77929,0.63835,0.82569,0.99452,0.88393,0.000732963,0.000732963,0.000732963
125,394.144,0.81028,0.75788,0.85954,0.70358,0.81624,0.77929,0.63835,0.82569,0.99452,0.88393,0.000727304,0.000727304,0.000727304
126,397.104,1.02036,0.80737,0.84112,0.72122,0.78996,0.78424,0.65905,0.80385,0.98894,0.8795,0.000721645,0.000721645,0.000721645
127,400.877,0.80989,0.82549,0.83501,0.72122,0.78996,0.78424,0.65905,0.80385,0.98894,0.8795,0.000715986,0.000715986,0.000715986
128,403.664,0.86732,0.81763,0.85707,0.74074,0.7541,0.78286,0.66157,0.78842,0.99324,0.87932,0.000710327,0.000710327,0.000710327
129,406.136,0.82839,0.85782,0.86576,0.74074,0.7541,0.78286,0.66157,0.78842,0.99324,0.87932,0.000704668,0.000704668,0.000704668
130,408.732,0.90246,0.796,0.86589,0.73189,0.73208,0.77952,0.65465,0.81742,1.00336,0.88629,0.00069901,0.00069901,0.00069901
131,412.408,0.78215,0.78916,0.85836,0.73189,0.73208,0.77952,0.65465,0.81742,1.00336,0.88629,0.000693351,0.000693351,0.000693351
132,415.526,0.82272,0.74733,0.8457,0.70696,0.77306,0.77767,0.65104,0.82199,0.9696,0.88399,0.000687692,0.000687692,0.000687692
133,418.142,0.94595,0.80728,0.84685,0.70696,0.77306,0.77767,0.65104,0.82199,0.9696,0.88399,0.000682033,0.000682033,0.000682033
134,420.598,0.89579,0.78899,0.8532,0.75159,0.77713,0.77878,0.64645,0.79832,0.96461,0.87801,0.000676374,0.000676374,0.000676374
135,423.158,0.84882,0.75377,0.84641,0.75159,0.77713,0.77878,0.64645,0.79832,0.96461,0.87801,0.000670715,0.000670715,0.000670715
136,427.156,0.96825,0.85762,0.85099,0.74639,0.80642,0.78565,0.66298,0.78644,0.95067,0.8742,0.000665057,0.000665057,0.000665057
137,429.652,0.87366,0.78077,0.86088,0.74639,0.80642,0.78565,0.66298,0.78644,0.95067,0.8742,0.000659398,0.000659398,0.000659398
138,432.246,0.85157,0.8315,0.85457,0.75963,0.81275,0.79864,0.68034,0.80052,0.92998,0.8768,0.000653739,0.000653739,0.000653739
139,434.999,0.78012,0.76303,0.84298,0.75963,0.81275,0.79864,0.68034,0.80052,0.92998,0.8768,0.00064808,0.00064808,0.00064808
140,437.763,0.89714,0.76276,0.85285,0.65121,0.84763,0.75891,0.62016,0.77438,0.92182,0.87353,0.000642421,0.000642421,0.000642421
141,441.095,0.90048,0.89759,0.85053,0.65121,0.84763,0.75891,0.62016,0.77438,0.92182,0.87353,0.000636762,0.000636762,0.000636762
142,443.728,0.92226,0.81398,0.87256,0.66907,0.817,0.76608,0.64414,0.80126,0.92254,0.87729,0.000631104,0.000631104,0.000631104
143,446.238,0.76737,0.75072,0.8345,0.66907,0.817,0.76608,0.64414,0.80126,0.92254,0.87729,0.000625445,0.000625445,0.000625445
144,449.036,0.86651,0.7913,0.85262,0.61313,0.81643,0.74602,0.59561,0.91727,0.9659,0.88989,0.000619786,0.000619786,0.000619786
145,452.338,0.92485,0.77633,0.84445,0.61313,0.81643,0.74602,0.59561,0.91727,0.9659,0.88989,0.000614127,0.000614127,0.000614127
146,455.517,0.85094,0.76004,0.84474,0.5755,0.83635,0.72419,0.57452,0.91392,0.98331,0.8902,0.000608468,0.000608468,0.000608468
147,458.592,0.88615,0.74422,0.83775,0.5755,0.83635,0.72419,0.57452,0.91392,0.98331,0.8902,0.000602809,0.000602809,0.000602809
148,461.078,0.80292,0.82323,0.84173,0.61298,0.81336,0.73276,0.59769,0.83085,0.98089,0.87951,0.000597151,0.000597151,0.000597151
149,463.713,0.85461,0.81461,0.83758,0.61298,0.81336,0.73276,0.59769,0.83085,0.98089,0.87951,0.000591492,0.000591492,0.000591492
150,467.395,0.84363,0.79493,0.85556,0.65233,0.77782,0.67217,0.53355,0.83485,0.98939,0.8764,0.000585833,0.000585833,0.000585833
151,470.386,0.85471,0.72323,0.84999,0.65233,0.77782,0.67217,0.53355,0.83485,0.98939,0.8764,0.000580174,0.000580174,0.000580174
152,473.318,0.86008,0.80079,0.83817,0.69977,0.7426,0.72564,0.54588,0.93751,1.0234,0.89192,0.000574515,0.000574515,0.000574515
153,475.979,0.89907,0.73135,0.83208,0.69977,0.7426,0.72564,0.54588,0.93751,1.0234,0.89192,0.000568856,0.000568856,0.000568856
154,478.722,0.82559,0.70567,0.85091,0.70013,0.68977,0.7197,0.54809,0.9195,1.0371,0.89074,0.000563197,0.000563197,0.000563197
155,481.99,0.82106,0.76554,0.85379,0.70013,0.68977,0.7197,0.54809,0.9195,1.0371,0.89074,0.000557539,0.000557539,0.000557539
156,484.341,0.81545,0.76634,0.85126,0.6629,0.69122,0.7228,0.58623,0.82069,1.02308,0.87543,0.00055188,0.00055188,0.00055188
157,486.715,0.81035,0.77732,0.8429,0.6629,0.69122,0.7228,0.58623,0.82069,1.02308,0.87543,0.000546221,0.000546221,0.000546221
158,489.172,0.77417,0.68678,0.83176,0.66342,0.64328,0.7028,0.57279,0.80388,1.05767,0.87554,0.000540562,0.000540562,0.000540562
159,491.607,0.8348,0.7959,0.84242,0.66342,0.64328,0.7028,0.57279,0.80388,1.05767,0.87554,0.000534903,0.000534903,0.000534903
160,495.337,0.79217,0.68138,0.83471,0.59059,0.71037,0.69789,0.56674,0.85602,1.08363,0.88287,0.000529244,0.000529244,0.000529244
161,497.62,0.75323,0.78983,0.8405,0.59059,0.71037,0.69789,0.56674,0.85602,1.08363,0.88287,0.000523586,0.000523586,0.000523586
162,500.024,0.879,0.81096,0.85358,0.64178,0.68792,0.70255,0.56841,0.84848,1.09526,0.88004,0.000517927,0.000517927,0.000517927
163,502.485,0.84487,0.71441,0.85678,0.64178,0.68792,0.70255,0.56841,0.84848,1.09526,0.88004,0.000512268,0.000512268,0.000512268
164,505.185,0.93702,0.75471,0.83961,0.67606,0.72062,0.712,0.58061,0.83529,1.07817,0.87279,0.000506609,0.000506609,0.000506609
165,508.756,0.81464,0.72069,0.82876,0.67606,0.72062,0.712,0.58061,0.83529,1.07817,0.87279,0.00050095,0.00050095,0.00050095
166,511.147,0.92798,0.78563,0.85758,0.72571,0.71983,0.73724,0.60628,0.82724,1.03503,0.87087,0.000495291,0.000495291,0.000495291
167,513.854,0.85387,0.75284,0.86693,0.72571,0.71983,0.73724,0.60628,0.82724,1.03503,0.87087,0.000489633,0.000489633,0.000489633
168,516.414,0.84648,0.70928,0.83318,0.68565,0.75956,0.70088,0.56854,0.78598,0.98512,0.86799,0.000483974,0.000483974,0.000483974
169,519.101,0.82746,0.70659,0.84146,0.68565,0.75956,0.70088,0.56854,0.78598,0.98512,0.86799,0.000478315,0.000478315,0.000478315
170,522.58,0.77841,0.77144,0.85288,0.62136,0.82999,0.68528,0.55853,0.76767,0.93811,0.8674,0.000472656,0.000472656,0.000472656
171,525.228,0.8854,0.67677,0.83874,0.62136,0.82999,0.68528,0.55853,0.76767,0.93811,0.8674,0.000466997,0.000466997,0.000466997
172,527.906,0.8135,0.66019,0.84289,0.63564,0.83129,0.67977,0.54875,0.78153,0.91047,0.8694,0.000461338,0.000461338,0.000461338
173,530.407,0.7527,0.77391,0.83655,0.63564,0.83129,0.67977,0.54875,0.78153,0.91047,0.8694,0.00045568,0.00045568,0.00045568
174,533.294,0.80126,0.70258,0.85284,0.64125,0.82158,0.68321,0.55109,0.79641,0.9013,0.87141,0.000450021,0.000450021,0.000450021
175,536.581,0.80262,0.6776,0.82474,0.64125,0.82158,0.68321,0.55109,0.79641,0.9013,0.87141,0.000444362,0.000444362,0.000444362
176,539.142,0.80766,0.68395,0.82917,0.63961,0.82894,0.67172,0.53959,0.8351,0.89937,0.8752,0.000438703,0.000438703,0.000438703
177,541.628,0.82265,0.69403,0.83822,0.63961,0.82894,0.67172,0.53959,0.8351,0.89937,0.8752,0.000433044,0.000433044,0.000433044
178,544.342,0.90392,0.7377,0.83894,0.60992,0.83857,0.66354,0.53108,0.82486,0.90367,0.87291,0.000427385,0.000427385,0.000427385
179,547.775,0.89082,0.88976,0.84656,0.60992,0.83857,0.66354,0.53108,0.82486,0.90367,0.87291,0.000421726,0.000421726,0.000421726
180,550.576,0.84169,0.68878,0.83811,0.59776,0.81984,0.64544,0.52207,0.78245,0.92089,0.86885,0.000416068,0.000416068,0.000416068
181,553.145,0.78894,0.70601,0.83578,0.59776,0.81984,0.64544,0.52207,0.78245,0.92089,0.86885,0.000410409,0.000410409,0.000410409
182,555.94,0.82893,0.72331,0.84701,0.527,0.83711,0.62955,0.50414,0.78094,0.9253,0.8688,0.00040475,0.00040475,0.00040475
183,558.341,0.77066,0.62906,0.83311,0.527,0.83711,0.62955,0.50414,0.78094,0.9253,0.8688,0.000399091,0.000399091,0.000399091
184,561.627,0.80608,0.64551,0.84746,0.59575,0.63757,0.70667,0.57776,0.77671,0.91043,0.86885,0.000393432,0.000393432,0.000393432
185,564.482,0.79236,0.70057,0.82786,0.59575,0.63757,0.70667,0.57776,0.77671,0.91043,0.86885,0.000387773,0.000387773,0.000387773
186,567.203,0.78388,0.65449,0.84219,0.59181,0.65612,0.70871,0.57962,0.77423,0.91109,0.87043,0.000382115,0.000382115,0.000382115
187,569.641,0.74176,0.62504,0.82033,0.59181,0.65612,0.70871,0.57962,0.77423,0.91109,0.87043,0.000376456,0.000376456,0.000376456
188,572.149,0.87095,0.8501,0.85446,0.60849,0.66203,0.71487,0.60578,0.76739,0.89632,0.8697,0.000370797,0.000370797,0.000370797
189,575.991,0.80024,0.66914,0.82542,0.60849,0.66203,0.71487,0.60578,0.76739,0.89632,0.8697,0.000365138,0.000365138,0.000365138
190,578.677,0.75619,0.64863,0.83941,0.61374,0.66025,0.72697,0.61547,0.77969,0.90583,0.87122,0.000359479,0.000359479,0.000359479
191,581.183,0.73086,0.62974,0.82836,0.61374,0.66025,0.72697,0.61547,0.77969,0.90583,0.87122,0.00035382,0.00035382,0.00035382
192,583.749,0.78559,0.71437,0.83193,0.62953,0.62759,0.74057,0.60934,0.80279,0.91761,0.87482,0.000348162,0.000348162,0.000348162
193,586.427,0.79132,0.65011,0.82788,0.62953,0.62759,0.74057,0.60934,0.80279,0.91761,0.87482,0.000342503,0.000342503,0.000342503
194,589.821,0.68686,0.59619,0.81606,0.68316,0.78585,0.77168,0.64053,0.80788,0.9378,0.87437,0.000336844,0.000336844,0.000336844
195,592.685,0.77074,0.67426,0.83592,0.68316,0.78585,0.77168,0.64053,0.80788,0.9378,0.87437,0.000331185,0.000331185,0.000331185
196,595.15,0.79401,0.64801,0.82587,0.69222,0.79024,0.76918,0.64,0.78314,0.94877,0.8706,0.000325526,0.000325526,0.000325526
197,597.509,0.73704,0.64416,0.83375,0.69222,0.79024,0.76918,0.64,0.78314,0.94877,0.8706,0.000319867,0.000319867,0.000319867
198,600.314,0.76092,0.65259,0.82238,0.70484,0.78098,0.77176,0.64085,0.77989,0.95094,0.86954,0.000314209,0.000314209,0.000314209
199,603.97,0.89905,0.68624,0.82672,0.70484,0.78098,0.77176,0.64085,0.77989,0.95094,0.86954,0.00030855,0.00030855,0.00030855
200,606.459,0.83168,0.67858,0.81944,0.70349,0.78141,0.77384,0.63975,0.806,0.9642,0.8728,0.000302891,0.000302891,0.000302891
201,609.159,0.80367,0.6211,0.82855,0.70349,0.78141,0.77384,0.63975,0.806,0.9642,0.8728,0.000297232,0.000297232,0.000297232
202,611.657,0.70919,0.60094,0.82045,0.68245,0.80672,0.77639,0.61609,0.86114,0.96739,0.87812,0.000291573,0.000291573,0.000291573
203,615.097,0.7444,0.5873,0.81762,0.68245,0.80672,0.77639,0.61609,0.86114,0.96739,0.87812,0.000285914,0.000285914,0.000285914
204,618.337,0.75546,0.59495,0.82199,0.70235,0.78675,0.77931,0.60999,0.8803,0.96546,0.88121,0.000280255,0.000280255,0.000280255
205,621.164,0.84534,0.72036,0.83291,0.70235,0.78675,0.77931,0.60999,0.8803,0.96546,0.88121,0.000274597,0.000274597,0.000274597
206,623.647,0.83855,0.65425,0.83566,0.70173,0.78359,0.77739,0.63231,0.84013,0.95935,0.87808,0.000268938,0.000268938,0.000268938
207,626.684,0.75742,0.57107,0.82855,0.70173,0.78359,0.77739,0.63231,0.84013,0.95935,0.87808,0.000263279,0.000263279,0.000263279
208,630.326,0.74842,0.60688,0.82878,0.69778,0.78121,0.7773,0.64449,0.78362,0.9476,0.87179,0.00025762,0.00025762,0.00025762
209,632.815,0.79556,0.64551,0.83012,0.69778,0.78121,0.7773,0.64449,0.78362,0.9476,0.87179,0.000251961,0.000251961,0.000251961
210,635.438,0.78195,0.65127,0.82043,0.68469,0.79609,0.77286,0.64365,0.768,0.94811,0.86858,0.000246302,0.000246302,0.000246302
211,638.076,0.79367,0.61865,0.83077,0.68469,0.79609,0.77286,0.64365,0.768,0.94811,0.86858,0.000240644,0.000240644,0.000240644
212,640.728,0.77288,0.64059,0.82411,0.69143,0.79435,0.76562,0.63773,0.7748,0.95282,0.86934,0.000234985,0.000234985,0.000234985
213,644.124,0.7475,0.60337,0.82614,0.69143,0.79435,0.76562,0.63773,0.7748,0.95282,0.86934,0.000229326,0.000229326,0.000229326
214,646.734,0.73849,0.62059,0.8279,0.69431,0.78672,0.76201,0.63329,0.79983,0.97492,0.87143,0.000223667,0.000223667,0.000223667
215,649.069,0.79099,0.67057,0.84199,0.69431,0.78672,0.76201,0.63329,0.79983,0.97492,0.87143,0.000218008,0.000218008,0.000218008
216,651.855,0.79403,0.70527,0.85089,0.69347,0.78233,0.76224,0.62663,0.82337,0.99044,0.87419,0.000212349,0.000212349,0.000212349
217,654.552,0.72708,0.60683,0.82661,0.69347,0.78233,0.76224,0.62663,0.82337,0.99044,0.87419,0.000206691,0.000206691,0.000206691
218,658.363,0.72004,0.59017,0.82434,0.69096,0.78538,0.76443,0.63108,0.81397,0.98645,0.87395,0.000201032,0.000201032,0.000201032
219,660.984,0.77875,0.62588,0.83541,0.69096,0.78538,0.76443,0.63108,0.81397,0.98645,0.87395,0.000195373,0.000195373,0.000195373
220,663.473,0.76863,0.6394,0.82546,0.68897,0.78428,0.74619,0.61675,0.79074,0.96771,0.87095,0.000189714,0.000189714,0.000189714
221,665.909,0.73321,0.60269,0.84043,0.68897,0.78428,0.74619,0.61675,0.79074,0.96771,0.87095,0.000184055,0.000184055,0.000184055
222,669.436,0.76238,0.62528,0.82434,0.72512,0.75514,0.75042,0.61938,0.77888,0.95226,0.86882,0.000178396,0.000178396,0.000178396
223,672.275,0.72684,0.609,0.83663,0.72512,0.75514,0.75042,0.61938,0.77888,0.95226,0.86882,0.000172738,0.000172738,0.000172738
224,674.971,0.78695,0.64823,0.82699,0.73755,0.76559,0.75388,0.62546,0.77084,0.93595,0.86771,0.000167079,0.000167079,0.000167079
225,677.404,0.67326,0.5753,0.81861,0.73755,0.76559,0.75388,0.62546,0.77084,0.93595,0.86771,0.00016142,0.00016142,0.00016142
226,679.831,0.68911,0.58727,0.83151,0.72826,0.77799,0.75676,0.62521,0.78438,0.92643,0.86904,0.000155761,0.000155761,0.000155761
227,683.438,0.7895,0.66966,0.8249,0.72826,0.77799,0.75676,0.62521,0.78438,0.92643,0.86904,0.000150102,0.000150102,0.000150102
228,686.311,0.82235,0.68447,0.83605,0.73412,0.77085,0.75634,0.62532,0.78957,0.9303,0.86969,0.000144443,0.000144443,0.000144443
229,689.142,0.74137,0.6107,0.82274,0.73412,0.77085,0.75634,0.62532,0.78957,0.9303,0.86969,0.000138784,0.000138784,0.000138784
230,691.612,0.74954,0.60089,0.82839,0.74356,0.77031,0.70203,0.57375,0.78,0.91814,0.86793,0.000133126,0.000133126,0.000133126
231,694.172,0.81828,0.62786,0.82553,0.74356,0.77031,0.70203,0.57375,0.78,0.91814,0.86793,0.000127467,0.000127467,0.000127467
232,697.922,0.80924,0.63996,0.82769,0.73401,0.7671,0.69893,0.56978,0.77455,0.91138,0.86637,0.000121808,0.000121808,0.000121808
233,700.86,0.77236,0.63538,0.81634,0.73401,0.7671,0.69893,0.56978,0.77455,0.91138,0.86637,0.000116149,0.000116149,0.000116149
234,703.393,0.76965,0.64045,0.83915,0.72362,0.76629,0.6957,0.57138,0.77256,0.92003,0.86568,0.00011049,0.00011049,0.00011049
235,705.884,0.73898,0.60157,0.82975,0.72362,0.76629,0.6957,0.57138,0.77256,0.92003,0.86568,0.000104831,0.000104831,0.000104831
236,708.948,0.71096,0.58174,0.82495,0.71041,0.76285,0.69134,0.56829,0.7703,0.93543,0.86564,9.91726e-05,9.91726e-05,9.91726e-05
237,712.266,0.68218,0.58108,0.82272,0.71041,0.76285,0.69134,0.56829,0.7703,0.93543,0.86564,9.35138e-05,9.35138e-05,9.35138e-05
238,715.038,0.67822,0.57586,0.81951,0.71472,0.76183,0.68666,0.56645,0.7693,0.94978,0.86576,8.78549e-05,8.78549e-05,8.78549e-05
